-- 004_seed_academy_data.sql
-- Seed ข้อมูลจาก dump ของ database academy

-- 1) material_categories
INSERT IGNORE INTO `material_categories` (`category_id`,`category_name`) VALUES
  (1,'plumbing'),
  (2,'electrical'),
  (3,'office_supplies'),
  (6,'air');

-- 2) materials
INSERT IGNORE INTO `materials`
  (`material_id`,`material_name`,`category_id`,`quantity`,`unit`,`qr_code`,`priceperunit`,`discountPrice`,`netPrice`,`buyIDCC`)
VALUES
 ('A68012025000002', 'หลอดไฟธรรมดา 36 w ยาว สีเหลือง', 2, 2, 'กล่อง', '', '0.00', '0.00', '0.00', '1'),
('A68012025000003', 'หลอดไฟธรรมดา 36 w ยาว สีขาว', 2, 3, 'กล่อง', '', '0.00', '0.00', '0.00', '1'),
('A68012025000004', 'หลอดไฟกลม 7 w ', 2, 1, 'กล่อง', '', '0.00', '0.00', '0.00', '1'),
('A68012025000005', 'เต้ารับ 6 ช่อง', 2, 3, 'กล่อง', '', '0.00', '0.00', '0.00', '1'),
('A68012025000006', 'สตาร์ดเตอร์ 15 w', 2, 1, 'กล่อง', '', '0.00', '0.00', '0.00', '1'),
('A68012025000007', 'ลูกปลั๊กตัวเมีย TV', 2, 1, 'กล่อง', '', '0.00', '0.00', '0.00', '1'),
('A68012025000008', 'เต้ารับขาเหลี่ยม กลม-แบน', 2, 3, 'กล่อง', '', '0.00', '0.00', '0.00', '1'),
('A68012025000009', 'ฝาพลาสติก 2 ช่อง', 2, 2, 'กล่อง', '', '0.00', '0.00', '0.00', '1'),
('A68012025000010', 'กล่องบล๊อกเต้ารับ', 2, 15, 'ตัว', '', '0.00', '0.00', '0.00', '1'),
('A68012025000011', 'กล่องบล๊อกเบรกเกอร์', 2, 5, 'ตัว', '', '0.00', '0.00', '0.00', '1'),
('A68012025000012', 'บราลาท์ด BOVO 40w', 2, 9, 'ตัว', '', '0.00', '0.00', '0.00', '1'),
('A68012025000013', 'บราลาท์ด BTB 36w', 2, 18, 'ตัว', '', '0.00', '0.00', '0.00', '1'),
('A68012025000014', 'หลอดไฟขาเสียบ 13w', 2, 5, 'กล่อง', '', '0.00', '0.00', '0.00', '1'),
('A68012025000015', 'แม็กเนติก 2 เฟส', 2, 1, 'ลัง', '', '0.00', '0.00', '0.00', '1'),
('A68012025000016', 'หลอดไฟดาวไลท์ 50w', 2, 8, 'กล่อง', '', '0.00', '0.00', '0.00', '1'),
('A68012025000017', 'หลอดไฟ หลอดไส้ 25w สีเหลือง', 2, 30, 'กล่อง', '', '0.00', '0.00', '0.00', '1'),
('A68012025000018', 'หลอดไฟ หลอดตะเกียบเสียบ 7w', 2, 7, 'กล่อง', '', '0.00', '0.00', '0.00', '1'),
('A68012025000019', 'หลอดไฟ หลอดไส้ สีขาว 5w', 2, 20, 'กล่อง', '', '0.00', '0.00', '0.00', '1'),
('A68012025000020', 'หม้อแปลงอิเล็กทรอนิกส์ เล็ก 60w', 2, 12, 'กล่อง', '', '0.00', '0.00', '0.00', '1'),
('A68012025000021', 'หม้อแปลงอิเล็กทรอนิกส์ ใหญ่ 60w', 2, 10, 'กล่อง', '', '0.00', '0.00', '0.00', '1'),
('A68012025000022', 'สายไฟ THW 2.5 สีฟ้า', 2, 1, 'ม้วน', '', '0.00', '0.00', '0.00', '1'),
('A68012025000023', 'สายไฟ THW 2.5 สีเหลือง', 2, 3, 'ม้วน', '', '0.00', '0.00', '0.00', '1'),
('A68012025000024', 'สายไฟ THW 1.5 สีฟ้า', 2, 1, 'ม้วน', '', '0.00', '0.00', '0.00', '1'),
('A68012025000025', 'สายไฟ THW 4 สีเหลือง', 2, 1, 'ม้วน', '', '0.00', '0.00', '0.00', '1'),
('A68012025000026', 'สายไฟ THW 6 สีเขียว', 2, 1, 'ม้วน', '', '0.00', '0.00', '0.00', '1'),
('A68012025000027', 'สายไฟ THW 1x16 สีดำ', 2, 2, 'ม้วน', '', '0.00', '0.00', '0.00', '1'),
('A68012025000028', 'สายสัญญาณ', 2, 1, 'ม้วน', '', '0.00', '0.00', '0.00', '1'),
('A68012025000029', 'ลวดเชื่อมไฟฟ้า', 2, 4, 'กล่อง', '', '0.00', '0.00', '0.00', '1'),
('A68012025000030', 'ลูกแฟลสวาวล์ชักโครก', 1, 4, 'ตัว', '', '0.00', '0.00', '0.00', '1'),
('A68012025000031', 'สต็อปวาวล์บอลวาวล์ 4 หุน', 1, 10, 'ตัว  ', '', '0.00', '0.00', '0.00', '1'),
('A68012025000032', 'สต็อปวาวล์บอลวาวล์ 3 ทาง', 1, 5, 'ตัว', '', '0.00', '0.00', '0.00', '1'),
('A68012025000033', 'ก็อกน้ำอ่างล้างมือ', 1, 5, 'ตัว', '', '0.00', '0.00', '0.00', '1'),
('A68012025000034', 'ก็อกต่อฝักบัว', 1, 1, 'ลัง', '', '0.00', '0.00', '0.00', '1'),
('A68012025000035', 'ฝักบัว', 1, 15, 'กล่อง', '', '0.00', '0.00', '0.00', '1'),
('A68012025000036', 'ตัวกดชักโครก', 1, 10, 'ถุง ', '', '0.00', '0.00', '0.00', '1'),
('A68012025000037', 'คันโยกกดชักโครก', 1, 1, 'ตัว', '', '0.00', '0.00', '0.00', '1'),
('A68012025000038', 'ก็อกซิงค์ติดผนัง', 1, 5, 'กล่อง', '', '0.00', '0.00', '0.00', '1'),
('A68012025000039', 'สายชำระ', 1, 10, 'กล่อง', '', '0.00', '0.00', '0.00', '1'),
('A68012025000040', 'ลูกแฟลสวาวล์โถปัสวะ TOTO', 1, 3, 'กล่อง', '', '0.00', '0.00', '0.00', '1'),
('A68012025000041', 'ปุ่มกดชำระชักโครก TOTO', 1, 4, 'กล่อง', '', '0.00', '0.00', '0.00', '1'),
('A68012025000042', 'ฝาโถชักโครก', 1, 5, 'อัน', '', '0.00', '0.00', '0.00', '1'),
('A68012025000043', 'ประเก็นยาง 18 นิ้ว S307TT', 1, 10, 'ตัว  ', '', '0.00', '0.00', '0.00', '1'),
('A68012025000044', '1.1 ขนาด 18 (1/2 )', 1, 5, 'ตัว', '', '0.00', '0.00', '0.00', '1'),
('A68012025000045', '1.2 ขนาด 20 (3/4)', 1, 5, 'ตัว', '', '0.00', '0.00', '0.00', '1'),
('A68012025000046', '1.3 ขนาด 25 ( 1 )', 1, 5, 'ตัว', '', '0.00', '0.00', '0.00', '1'),
('A68012025000047', '1.4 ขนาด 40 (1 1/2 )', 1, 5, 'ตัว', '', '0.00', '0.00', '0.00', '1'),
('A68012025000048', '2.1 ขนาด 18 (1/2 )', 1, 5, 'ตัว', '', '0.00', '0.00', '0.00', '1'),
('A68012025000049', '2.2 ขนาด 20 (3/4)', 1, 5, 'ตัว', '', '0.00', '0.00', '0.00', '1'),
('A68012025000050', '2.3 ขนาด 25 ( 1 )', 1, 5, 'ตัว', '', '0.00', '0.00', '0.00', '1'),
('A68012025000051', '2.4 ขนาด 40 (1 1/2 )', 1, 5, 'ตัว', '', '0.00', '0.00', '0.00', '1'),
('A68012025000052', '3.1 ขนาด 18 (1/2 )', 1, 5, 'ตัว', '', '0.00', '0.00', '0.00', '1'),
('A68012025000053', '3.2 ขนาด 20 (3/4)', 1, 5, 'ตัว', '', '0.00', '0.00', '0.00', '1'),
('A68012025000054', '3.3 ขนาด 25 ( 1 )', 1, 5, 'ตัว', '', '0.00', '0.00', '0.00', '1'),
('A68012025000055', '3.4 ขนาด 40 (1 1/2 )', 1, 5, 'ตัว', '', '0.00', '0.00', '0.00', '1'),
('A68012025000056', '4.1 ขนาด 18 (1/2 )', 1, 3, 'ตัว', '', '0.00', '0.00', '0.00', '1'),
('A68012025000057', '4.2 ขนาด 20 (3/4)', 1, 3, 'ตัว', '', '0.00', '0.00', '0.00', '1'),
('A68012025000058', '5.1 ขนาด 18 (1/2)', 1, 10, 'ตัว  ', '', '0.00', '0.00', '0.00', '1'),
('A68012025000059', '6.1 ขนาด 25 (1)', 1, 5, 'ตัว', '', '0.00', '0.00', '0.00', '1'),
('A68012025000060', '7.1 ขนาด 18 (1/2) ', 1, 5, 'ตัว', '', '0.00', '0.00', '0.00', '1'),
('A68012025000061', '8.1 ขนาด 18 (1/2)', 1, 5, 'ตัว', '', '0.00', '0.00', '0.00', '1'),
('A68012025000062', '9.1 ขนาด 20 (3/4)', 1, 5, 'ตัว', '', '0.00', '0.00', '0.00', '1'),
('A68012025000063', '10.1 ขนาด 18 (1/2)', 1, 5, 'ตัว', '', '0.00', '0.00', '0.00', '1'),
('A68012025000064', 'น้ำยา F11', 6, 1, 'ลัง', '', '0.00', '0.00', '0.00', '1'),
('A68012025000065', 'น้ำยาล้างแผงคอยล์ร้อน-เย็น', 6, 1, 'ลัง', '', '0.00', '0.00', '0.00', '1'),
('A68012025000066', 'แม็กเนติกส์ 3 เฟส', 6, 10, 'ตัว', '', '0.00', '0.00', '0.00', '1'),
('A68012025000067', 'แม็กเนติกส์ 2 เฟส', 6, 5, 'ตัว', '', '0.00', '0.00', '0.00', '1'),
('A68012025000068', 'แคปรัน 60 ไมโค', 6, 10, 'ตัว', '', '0.00', '0.00', '0.00', '1'),
('A68012025000069', 'แคปรัน 45 ไมโค', 6, 5, 'ตัว', '', '0.00', '0.00', '0.00', '1'),
('A68012025000070', 'แคปรัน 5 ไมโค', 6, 10, 'ตัว', '', '0.00', '0.00', '0.00', '1'),
('A68012025000071', 'มอเตอร์คอยล์ร้อน 1 แรง 3 เฟส', 6, 3, 'ตัว', '', '0.00', '0.00', '0.00', '1'),
('A68012025000072', 'มอเตอร์คอยล์ร้อน 1/4', 6, 1, 'ตัว', '', '0.00', '0.00', '0.00', '1'),
('A68012025000073', 'มอเตอร์คอยล์ร้อนแบบมีหู', 6, 1, 'ตัว', '', '0.00', '0.00', '0.00', '1'),
('A68012025000074', 'มอเตอร์มิตซูมิชิ 1 แรง', 6, 1, 'ตัว', '', '0.00', '0.00', '0.00', '1'),
('A68012025000075', 'มอเตอร์มิตซูมิชิ 2 แรง', 6, 1, 'ตัว', '', '0.00', '0.00', '0.00', '1'),
('A68012025000076', 'มอเตอร์คอยล์เย็น 1/10', 6, 3, 'ตัว', '', '0.00', '0.00', '0.00', '1'),
('A68012025000077', 'สายไฟหัวหลักคอม', 6, 5, 'เส้น', '', '0.00', '0.00', '0.00', '1'),
('A68012025000078', 'ใบพัดลมคอยร้อน 16 นิ้ว', 6, 3, 'ใบ', '', '0.00', '0.00', '0.00', '1'),
('A68012025000079', 'ท่อทองแดง 4 หุน', 6, 1, 'ม้วน', '', '0.00', '0.00', '0.00', '1'),
('A68012025000080', 'ทิวท่อทองแดง คอยล์ร้อน', 6, 15, 'ตัว', '', '0.00', '0.00', '0.00', '1'),
('A68012025000081', 'ไดเออร์ 5/8', 6, 5, 'ตัว', '', '0.00', '0.00', '0.00', '1'),
('A68012025000082', 'ไดเออร์ 3/8', 6, 5, 'ตัว', '', '0.00', '0.00', '0.00', '1'),
('A68012025000083', 'ลวดเชื่อม', 6, 2, 'ห่อ', '', '0.00', '0.00', '0.00', '1'),
('A68012025000084', 'ลูกปืน 6202', 6, 15, 'กล่อง', '', '0.00', '0.00', '0.00', '1'),
('A68012025000085', 'ลูกปืน 6203', 6, 10, 'กล่อง', '', '0.00', '0.00', '0.00', '1'),
('A68012025000086', 'ลูกปืน 6205', 6, 2, 'กล่อง', '', '0.00', '0.00', '0.00', '1'),
('A68012025000087', 'อิซูแอร์ 6 หุน', 6, 26, 'เส้น', '', '0.00', '0.00', '0.00', '1'),
('A68012025000088', 'สายพาน B77', 6, 5, 'เส้น', '', '0.00', '0.00', '0.00', '1'),
('A68012025000089', 'สายพาน B62', 6, 2, 'เส้น', '', '0.00', '0.00', '0.00', '1'),
('A68012025000090', 'สายพาน B75', 6, 5, 'เส้น', '', '0.00', '0.00', '0.00', '1'),
('A68012025000091', 'สายพาน B72', 6, 2, 'เส้น', '', '0.00', '0.00', '0.00', '1'),
('A68012025000092', 'สายพาน B55', 6, 2, 'เส้น', '', '0.00', '0.00', '0.00', '1'),
('A68012025000093', 'สายพาน B51', 6, 2, 'เส้น', '', '0.00', '0.00', '0.00', '1'),
('A68012025000094', 'สายพาน B52', 6, 2, 'เส้น', '', '0.00', '0.00', '0.00', '1'),
('A68012025000095', 'สายพาน 12.5x1150', 6, 6, 'เส้น', '', '0.00', '0.00', '0.00', '1'),
('A68012025000096', 'รูมอิโคโน', 6, 9, 'ตัว', '', '0.00', '0.00', '0.00', '1'),
('A68012025000097', 'ท่อทองแดง 5 หุน', 6, 1, 'ตัว', '', '0.00', '0.00', '0.00', '1'),
('A68012025000098', 'ท่อทองแดง 3 หุน ', 6, 1, 'ตัว', '', '0.00', '0.00', '0.00', '1'),
('A68012025000099', 'รูมDC 04', 6, 2, 'ตัว', '', '0.00', '0.00', '0.00', '1'),
('A68012025000100', 'รูมฮันนี่เวล์', 6, 6, 'ตัว', '', '0.00', '0.00', '0.00', '1'),
('A68012025000101', 'ดีเลย์ คอยล์ร้อน', 6, 7, 'ตัว', '', '0.00', '0.00', '0.00', '1'),
('A68012025000102', 'แคปรัน 20 ไมโคร', 6, 7, 'ตัว', '', '0.00', '0.00', '0.00', '1'),
('A68012025000103', 'แคปรัน 88-108 ไมโคร', 6, 4, 'ตัว', '', '0.00', '0.00', '0.00', '1'),
('A68012025000104', '1.1 pcn058825', 6, 4, 'ตัว', '', '0.00', '0.00', '0.00', '1'),
('A68012025000105', '1.2 pcn062376', 6, 1, 'ตัว', '', '0.00', '0.00', '0.00', '1'),
('A68012025000106', '1.3 pcn054233', 6, 4, 'ตัว', '', '0.00', '0.00', '0.00', '1'),
('A68012025000107', '1.4 pcn054234', 6, 2, 'ตัว', '', '0.00', '0.00', '0.00', '1'),
('A68012025000108', 'ผ้าพันท่อ', 6, 20, 'ม้วน', '', '0.00', '0.00', '0.00', '1'),
('A68012025000109', 'แก็สกระป๋อง', 6, 5, 'กระป๋อง', '', '0.00', '0.00', '0.00', '1'),
('A68012025000110', 'ปูนขาว', 2, 0, 'EA', '', '0.00', '0.00', '0.00', '1'),
('A68012025000111', ' WD 40', 2, 0, 'EA', '', '0.00', '0.00', '0.00', '1'),
('A68012025000112', 'สวิตซ์ ปิด-เปิด 1 ทาง', 2, 0, 'EA', '', '0.00', '0.00', '0.00', '1'),
('A68012025000113', 'ถุงมือผ้า', 2, 0, 'EA', '', '0.00', '0.00', '0.00', '1'),
('A68012025000114', 'ผ้าใยแก้ว 1 ม้วน', 2, 0, 'EA', '', '0.00', '0.00', '0.00', '1'),
('A68012025000115', 'ก็อกอ่าง', 2, 0, 'EA', '', '0.00', '0.00', '0.00', '1'),
('A68012025000116', 'ก็อกบอลสนาม 3/4', 2, 0, 'EA', '', '0.00', '0.00', '0.00', '1'),
('A68012025000117', 'เทปติดพื้นสายไฟ ขาว-แดง', 2, 0, 'EA', '', '0.00', '0.00', '0.00', '1'),
('A68012025000118', 'สวิตซ์ ปิด-เปิด 2 ทาง', 2, 0, 'EA', '', '0.00', '0.00', '0.00', '1'),
('A68012025000119', 'สายชำระ Hang', 2, 0, 'EA', '', '0.00', '0.00', '0.00', '1'),
('A68012025000120', 'ลูกบิดธรรมดา', 2, 0, 'EA', '', '0.00', '0.00', '0.00', '1'),
('A68012025000121', 'บล็อคยาง', 2, 0, 'EA', '', '0.00', '0.00', '0.00', '1'),
('A68012025000122', 'สายไฟ 3x2.5', 2, 0, 'EA', '', '0.00', '0.00', '0.00', '1'),
('A68012025000123', 'แลคซีนติดพื้น', 2, 0, 'EA', '', '0.00', '0.00', '0.00', '1'),
('A68012025000124', 'ก็อกซึงค์ (แบบผนัง)', 2, 0, 'EA', '', '0.00', '0.00', '0.00', '1'),
('A68012025000125', 'ใบตัดเหล็ก 16 \'\'', 2, 0, 'EA', '', '0.00', '0.00', '0.00', '1'),
('A68012025000126', 'ลูกฟลัสวาล์วชักโครก', 2, 0, 'EA', '', '0.00', '0.00', '0.00', '1'),
('A68012025000127', 'ช็คอัพประตู', 2, 0, 'EA', '', '0.00', '0.00', '0.00', '1'),
('A68012025000128', 'สายน้ำดี 18 \'\'', 2, 0, 'EA', '', '0.00', '0.00', '0.00', '1'),
('A68012025000129', 'กุญแจบานสวิง QKA', 2, 0, 'EA', '', '0.00', '0.00', '0.00', '1'),
('A68012025000130', 'ชุดไส้ในมือโยกชักโครก', 2, 0, 'EA', '', '0.00', '0.00', '0.00', '1'),
('A68012025000131', 'ลูกบิดห้องน้ำ', 2, 0, 'EA', '', '0.00', '0.00', '0.00', '1'),
('A68012025000132', 'ใบตัด 4 \'\'', 2, 0, 'EA', '', '0.00', '0.00', '0.00', '1'),
('A68012025000133', 'ใบเจีย 4 \'\' ', 2, 0, 'EA', '', '0.00', '0.00', '0.00', '1'),
('A68012025000134', 'เต้ารับคู่เสียบขากลมมีกราวด์ WNG15923-7', 2, 0, 'EA', '', '0.00', '0.00', '0.00', '1'),
('A68012025000135', 'ปลั๊กตัวผู้ Eagle', 2, 0, 'EA', '', '0.00', '0.00', '0.00', '1'),
('A68012025000136', 'ก็อกน้ำ 1/2 Sanwa', 2, 0, 'EA', '', '0.00', '0.00', '0.00', '1'),
('A68012025000137', 'ฐานใส่ starter', 2, 0, 'EA', '', '0.00', '0.00', '0.00', '1'),
('A68012025000138', 'หลอด bulb simon', 2, 0, 'EA', '', '0.00', '0.00', '0.00', '1'),
('A68012025000139', 'สีกันสนิม', 2, 0, 'EA', '', '0.00', '0.00', '0.00', '1'),
('A68012025000140', 'โช็คประตู VVP', 2, 0, 'EA', '', '0.00', '0.00', '0.00', '1'),
('A68012025000141', 'โช็คประตู diamond', 2, 0, 'EA', '', '0.00', '0.00', '0.00', '1'),
('A68012025000142', 'ลูกยางโถชักโครก', 2, 0, 'EA', '', '0.00', '0.00', '0.00', '1'),
('A68012025000143', 'ชุดลูกลอยชักโครก', 2, 0, 'EA', '', '0.00', '0.00', '0.00', '1'),
('A68012025000144', 'หลอดตะเกียบ', 2, 0, 'EA', '', '0.00', '0.00', '0.00', '1'),
('A68012025000145', 'น้ำยา R22', 2, 0, 'EA', '', '0.00', '0.00', '0.00', '1'),
('A68012025000146', 'น้ำยา R32', 2, 0, 'EA', '', '0.00', '0.00', '0.00', '1'),
('A68012025000147', 'น้ำยาล้างท่อระบายน้ำ', 2, 0, 'EA', '', '0.00', '0.00', '0.00', '1'),
('A68012025000148', 'ใบพัดลม 18 \'\' ', 2, 0, 'EA', '', '0.00', '0.00', '0.00', '1'),
('A68012025000149', 'สายพานเบอร์ 40', 2, 0, 'EA', '', '0.00', '0.00', '0.00', '1'),
('A68012025000150', 'ลมไนโตรเจน', 2, 0, 'EA', '', '0.00', '0.00', '0.00', '1'),
('A68012025000151', 'ลมออกซิเจน', 2, 0, 'EA', '', '0.00', '0.00', '0.00', '1'),
('A68012025000152', 'น็อตเกลียวปล่อยโครงคอยร้อน', 2, 0, 'EA', '', '0.00', '0.00', '0.00', '1'),
('A68012025000153', 'น็อตเบอร์ 10 ยาว 2 นิ้ว ตัวผู้ตัวเมีย', 2, 0, 'EA', '', '0.00', '0.00', '0.00', '1'),
('A68012025000154', 'เทปพันสายไฟ', 2, 0, 'EA', '', '0.00', '0.00', '0.00', '1'),
('A68012025000155', 'หางปลากลมแฉก เบอร์ 2.5/4/6', 2, 0, 'EA', '', '0.00', '0.00', '0.00', '1'),
('A68012025000156', 'หางปลาตัวเมีย  เบอร์ 2.5/4/6', 2, 0, 'EA', '', '0.00', '0.00', '0.00', '1'),
('A68012025000157', 'กระดาษ A3 ขาว', 3, 2, 'รีม', '', '0.00', '0.00', '0.00', '1'),
('A68012025000158', 'กระดาษ A3 เหลือง', 3, 2, 'รีม', '', '0.00', '0.00', '0.00', '1'),
('A68012025000159', 'กระดาษ A3 ฟ้า', 3, 1, 'รีม', '', '0.00', '0.00', '0.00', '1'),
('A68012025000160', 'กระดาษ A3 ชมพู', 3, 1, 'รีม', '', '0.00', '0.00', '0.00', '1'),
('A68012025000161', 'กระดาษ A4 ขาว', 3, 20, 'รีม', '', '0.00', '0.00', '0.00', '1'),
('A68012025000162', 'กระดาษจดหมาย', 3, 2, 'รีม', '', '0.00', '0.00', '0.00', '1'),
('A68012025000163', 'กระดาษบันทึกตรา', 3, 3, 'รีม', '', '0.00', '0.00', '0.00', '1'),
('A68012025000164', 'ใบนำส่งเอกสาร', 3, 4, 'รีม', '', '0.00', '0.00', '0.00', '1'),
('A68012025000165', 'แฟ้มปกอ่อนตราNT ขาว', 3, 12, 'รีม', '', '0.00', '0.00', '0.00', '1'),
('A68012025000166', 'ซองเอกสารNT', 3, 100, 'ซอง', '', '0.00', '0.00', '0.00', '1'),
('A68012025000167', 'ซองเอกสารสีน้ำตาล ขนาดใหญ่', 3, 200, 'ซอง', '', '0.00', '0.00', '0.00', '1'),
('A68012025000168', 'ซองจดหมายNT', 3, 150, 'ซอง', '', '0.00', '0.00', '0.00', '1'),
('A68012025000169', 'ซองเอกสารขาว', 3, 200, 'ซอง', '', '0.00', '0.00', '0.00', '1'),
('A68012025000170', 'แก้วกระดาษ', 3, 4, 'ลัง', '', '0.00', '0.00', '0.00', '1'),
('A68012025000171', 'แอลกอฮอล์', 3, 11, 'แกลลอน', '', '0.00', '0.00', '0.00', '1'),
('A68012025000172', 'ถ่าน 2A', 3, 5, 'กล่อง', '', '0.00', '0.00', '0.00', '1'),
('A68012025000173', 'กาวสองหน้า', 3, 10, 'ม้วน', '', '0.00', '0.00', '0.00', '1'),
('A68012025000174', 'เทปใส โอมีบี 2 นิ้ว x 43 หลา', 3, 2, 'อัน', '', '0.00', '0.00', '0.00', '1'),
('A68012025000175', 'เทปใส โอมีบี 24mm x 33m', 3, 7, 'อัน', '', '0.00', '0.00', '0.00', '1'),
('A68012025000176', 'เทปใส โอมีบี 24mm x 3m', 3, 0, 'อัน', '', '0.00', '0.00', '0.00', '1'),
('A68012025000177', 'ลูกแม็ก เบอร์ 35', 3, 5, 'กล่อง', '', '0.00', '0.00', '0.00', '1'),
('A68012025000178', 'ลูกแม็ก เบอร์ 10', 3, 7, 'กล่อง', '', '0.00', '0.00', '0.00', '1'),
('A68012025000179', 'ลูกแม็ก เบอร์ 8', 3, 2, 'กล่อง', '', '0.00', '0.00', '0.00', '1'),
('A68012025000180', 'ลูกแม็ก เบอร์ 3/8', 3, 1, 'กล่อง', '', '0.00', '0.00', '0.00', '1'),
('A68012025000181', 'ลูกแม็ก เบอร์ 5/16', 3, 1, 'กล่อง', '', '0.00', '0.00', '0.00', '1'),
('A68012025000182', 'ลูกแม๊ก เบอร์ 23/8', 3, 6, 'กล่อง', '', '0.00', '0.00', '0.00', '');

-- 3) requests
INSERT IGNORE INTO `requests`
  (`request_id`,`user_id`,`material_id`,`cart_id`,`quantity_requested`,`status`,`requested_at`,`approved_at`,`approved_by`,`missionDetail`,`batch_id`)
VALUES
  (29,4,'A68012025000053',NULL,2,'rejected','2025-02-05 02:14:13','2025-02-05 02:14:42',14101074,'ซ่อมท่อที่ชั้น 5',1),
  (30,4,'A68012025000054',NULL,1,'rejected','2025-02-05 02:14:13','2025-02-05 02:14:44',14101074,'ซ่อมท่อที่ชั้น 5',1);
  
-- 4) request_material
INSERT IGNORE INTO `request_material`
  (`request_id`,`user_id`,`material_id`,`quantity_requested`,`status`,`requested_at`,`approved_by`,`approved_at`)
VALUES
  (1,4,'A68012025000053',2,'pending','2025-02-05 02:14:13',NULL,NULL);

-- 7) บันทึกเวอร์ชันใน schema_migrations
INSERT INTO schema_migrations(version)
VALUES('004_seed_academy_data')
  ON DUPLICATE KEY UPDATE version=version;
